{"name":"0fae1d1c-7eba-407c-8b7a-b1a1a31c0b15","id":"/providers/Microsoft.Flow/flows/0fae1d1c-7eba-407c-8b7a-b1a1a31c0b15","type":"Microsoft.Flow/flows","properties":{"apiId":"/providers/Microsoft.PowerApps/apis/shared_logicflows","displayName":"Protótipo - Sprint","definition":{"metadata":{"workflowEntityId":null,"processAdvisorMetadata":null,"flowclientsuspensionreason":"None","flowclientsuspensiontime":null,"flowclientsuspensionreasondetails":null,"creator":{"id":"3e89fb4b-6e96-44d7-94ac-27ec2e28e601","type":"User","tenantId":"cf72e2bd-7a2b-4783-bdeb-39d57b07f76f"},"provisioningMethod":"FromDefinition","failureAlertSubscription":true,"clientLastModifiedTime":"2023-04-10T01:40:38.8603453Z"},"$schema":"https://schema.management.azure.com/providers/Microsoft.Logic/schemas/2016-06-01/workflowdefinition.json#","contentVersion":"1.0.0.0","parameters":{"$connections":{"defaultValue":{},"type":"Object"},"$authentication":{"defaultValue":{},"type":"SecureObject"}},"triggers":{"Quando_uma_tarefa_é_atribuída_a_mim":{"recurrence":{"frequency":"Minute","interval":3},"splitOn":"@triggerOutputs()?['body/value']","metadata":{"operationMetadataId":"2e959b07-ac06-465b-a642-fa52d5576437"},"type":"OpenApiConnection","inputs":{"host":{"apiId":"/providers/Microsoft.PowerApps/apis/shared_planner","connectionName":"shared_planner","operationId":"OnTaskAssignedToMe_V2"},"parameters":{},"authentication":"@parameters('$authentication')"}}},"actions":{"Obter_detalhes_da_tarefa":{"runAfter":{},"metadata":{"operationMetadataId":"a57d88ec-a9d4-45f9-a48b-25d04bcdac71"},"type":"OpenApiConnection","inputs":{"host":{"apiId":"/providers/Microsoft.PowerApps/apis/shared_planner","connectionName":"shared_planner","operationId":"GetTaskDetails_V2"},"parameters":{"id":"@triggerBody()?['ID']"},"authentication":"@parameters('$authentication')"}},"Enviar_email_(V2)_2":{"runAfter":{"Obter_detalhes_da_tarefa":["Succeeded"]},"metadata":{"operationMetadataId":"9d0f93ad-15e2-4245-bd73-2735552b91c3"},"type":"OpenApiConnection","inputs":{"host":{"apiId":"/providers/Microsoft.PowerApps/apis/shared_gmail","connectionName":"shared_gmail","operationId":"SendEmailV2"},"parameters":{"emailMessage/To":"sac.dalvinha@gmail.com","emailMessage/Subject":"[PLANNER] Uma tarefa foi atribuída a você!","emailMessage/Body":"<!DOCTYPE html>\n<html>\n<head>\n\t<meta charset=\"utf-8\">\n\t<style>\n\t\tbody {\n\t\t\tfont-family: Arial, sans-serif;\n\t\t\tfont-size: 14px;\n\t\t\tline-height: 1.5;\n\t\t}\n\t\ttable {\n\t\t\tborder-collapse: collapse;\n\t\t\twidth: 100%;\n\t\t}\n\t\tth, td {\n\t\t\tpadding: 8px;\n\t\t\ttext-align: left;\n\t\t\tborder: 1px solid #ddd;\n\t\t}\n\t\tth {\n\t\t\tbackground-color: #f2f2f2;\n\t\t\tfont-weight: bold;\n\t\t}\n\t\t.button {\n\t\t\tbackground-color: orange;\n\t\t\tcolor: white;\n\t\t\tdisplay: inline-block;\n\t\t\tfont-size: 14px;\n\t\t\tfont-weight: bold;\n\t\t\ttext-align: center;\n\t\t\tpadding: 12px 24px;\n\t\t\ttext-decoration: none;\n\t\t\tborder-radius: 4px;\n\t\t\tmargin-top: 16px;\n\t\t}\n\t</style>\n</head>\n<body>\n\t<table>\n\t\t<tr>\n\t\t\t<th colspan=\"2\" style=\"background-color: orange; color: white; font-size: 18px; font-weight: bold; text-align: center; padding: 16px;\">Uma tarefa foi atribuída a você!📬</th>\n\t\t</tr>\n\t<tr>\n\t\t\t<th style=\"background-color: #f2f2f2;\">Tarefa</th>\n\t\t\t<td>@{triggerOutputs()?['body/title']}</td>\n\t\t</tr>\n\t\t<tr>\n\t\t\t<th style=\"background-color: #f2f2f2;\">Descrição</th>\n\t\t\t<td>@{outputs('Obter_detalhes_da_tarefa')?['body/description']}</td>\n\t\t</tr>\n\t\t<tr>\n\t\t\t<td align=\"center\" colspan=\"2\">\n\t\t\t\t<a href=\"https://tasks.office.com/fatec.sp.gov.br/Home/PlanViews/Y8O4Q8bQCE690QLPcJTIfGQAECYF?Type=PlanLink&Channel=Link&CreatedTime=638166865126760000\" target=\"_blank\" class=\"button\">Veja no Planner</a>\n\t\t\t</td>\n\t\t</tr>\n\t</table>\n</body>\n</html>\n","emailMessage/Importance":"High"},"authentication":"@parameters('$authentication')"}}}},"connectionReferences":{"shared_planner":{"connectionName":"shared-planner-7400f6b9-5ffe-4db5-97f1-401355fc59cc","source":"Embedded","id":"/providers/Microsoft.PowerApps/apis/shared_planner","tier":"NotSpecified"},"shared_gmail":{"connectionName":"shared-gmail-abe1423e-c73f-4922-97f2-6663e51952ae","source":"Embedded","id":"/providers/Microsoft.PowerApps/apis/shared_gmail","tier":"NotSpecified"}},"flowFailureAlertSubscribed":false,"isManaged":false}}